0x00000004, 0x00001057, 0x00000040
0x00000002, 0x00000002, 0x00000000
0x00000002, 0x00000001, 0x00000001
0x00000004, 0x00007446, 0x00000000
0x00000004, 0x0000705d, 0x00000004
0x00000004, 0x0000705c, 0x00000000
0x00000004, 0x0000205d, 0x00000000
0x00000004, 0x0000206a, 0x00000000
0x00000002, 0x0000001c, 0x00000001
0x00000005, 0x00000000, 0.000500
0x00000004, 0x00001167, 0x0000000d
0x00000004, 0x00002080, 0x00000014
0x00000004, 0x000020d0, 0x000000a5
0x00000004, 0x00002065, 0x00000030
0x00000004, 0x000020d0, 0x000000a5
0x00000004, 0x0000207b, 0x00000030
0x00000004, 0x000020d0, 0x000000a5
0x00000004, 0x00002060, 0x00000040
0x00000004, 0x0000205f, 0x00000052
0x00000004, 0x00002067, 0x00000006
0x00000004, 0x0000207a, 0x00000005
0x00000004, 0x00002075, 0x00000002
0x00000004, 0x000020d0, 0x000000a5
0x00000004, 0x00002064, 0x00000080
0x00000004, 0x00002062, 0x00000011
0x00000004, 0x00002068, 0x00000040
0x00000004, 0x0000206b, 0x0000002a
0x00000004, 0x00004068, 0x00000015
0x00000004, 0x00004057, 0x00000044
0x00000004, 0x00004070, 0x000000a0
0x00000004, 0x00004071, 0x00000050
0x00000004, 0x00004072, 0x0000002b
0x00000004, 0x00004073, 0x00000056
0x00000004, 0x00004074, 0x00000048
0x00000004, 0x00004055, 0x00000022
0x00000004, 0x00001155, 0x00000020
0x00000004, 0x00001055, 0x00000050
0x00000003, 0x00000030, 0x00000062
0x00000003, 0x00000031, 0x00000010
0x00000003, 0x00000032, 0x00000060
0x00000003, 0x00000033, 0x00000011
0x00000004, 0x00001065, 0x00000060
0x00000004, 0x00001064, 0x00000011
0x00000003, 0x00000034, 0x0000005a
0x00000003, 0x00000035, 0x00000040
0x00000003, 0x00000036, 0x00000058
0x00000003, 0x00000037, 0x00000070
0x00000004, 0x00007059, 0x0000000e
0x00000004, 0x00007040, 0x00000080
0x00000004, 0x00007041, 0x000000c0
0x00000004, 0x00007042, 0x00000000
0x00000004, 0x00007043, 0x00000004
0x00000003, 0x00000038, 0x00000048
0x00000003, 0x00000039, 0x00000070
0x00000003, 0x0000003a, 0x00000049
0x00000003, 0x0000003b, 0x00000070
0x00000003, 0x0000003c, 0x0000004a
0x00000003, 0x0000003d, 0x00000070
0x00000003, 0x0000003e, 0x0000004b
0x00000003, 0x0000003f, 0x00000070
0x00000004, 0x00005051, 0x00000003
0x00000004, 0x00005055, 0x00000001
0x00000004, 0x0000505a, 0x00000000
0x00000004, 0x000030d0, 0x000000a5
0x00000004, 0x0000308c, 0x00000008
0x00000004, 0x000030d0, 0x000000a5
0x00000004, 0x00003086, 0x00000003
0x00000004, 0x000030d0, 0x000000a5
0x00000004, 0x00003091, 0x00000007
0x00000004, 0x000030d0, 0x000000a5
0x00000004, 0x00003090, 0x00000041
0x00000004, 0x00003088, 0x00000003
0x00000004, 0x00003089, 0x0000000f
0x00000004, 0x000030d0, 0x000000a5
0x00000004, 0x00003057, 0x00000033
0x00000004, 0x000030d0, 0x000000a5
0x00000004, 0x00003058, 0x00000033
0x00000004, 0x000030d0, 0x000000a5
0x00000004, 0x0000305a, 0x00000033
0x00000004, 0x000030d0, 0x000000a5
0x00000004, 0x0000305b, 0x00000033
0x00000004, 0x000030d0, 0x000000a5
0x00000004, 0x0000305c, 0x00000033
0x00000004, 0x000030d0, 0x000000a5
0x00000004, 0x0000305d, 0x00000033
0x00000004, 0x000030d0, 0x000000a5
0x00000004, 0x00003087, 0x00000028
0x00000003, 0x00000006, 0x401050f9
0x00000003, 0x00000006, 0x90ff9104
0x00000003, 0x00000006, 0x83ff0410
0x00000003, 0x00000006, 0x83ff0454
0x00000003, 0x00000006, 0x28710013
0x00000003, 0x00000006, 0x28730010
0x00000003, 0x00000006, 0x28750011
0x00000003, 0x00000006, 0x28770012
0x00000003, 0x00000006, 0x401008f0
0x00000003, 0x00000006, 0xa278fff0
0x00000003, 0x00000006, 0x082050f8
0x00000003, 0x00000006, 0x401009f2
0x00000003, 0x00000006, 0xa278fff2
0x00000003, 0x00000006, 0x082051f8
0x00000003, 0x00000006, 0x00207701
0x00000003, 0x00000006, 0x91ff9003
0x00000003, 0x00000006, 0x00205d01
0x00000003, 0x00000006, 0x00206a80
0x00000003, 0x00000006, 0x00106001
0x00000003, 0x00000006, 0x00724881
0x00000003, 0x00000006, 0xfcffffff
0x00000003, 0x00000006, 0x0020506b
0x00000003, 0x00000006, 0x00207708
0x00000003, 0x00000006, 0x401160f9
0x00000003, 0x00000006, 0xa4790464
0x00000003, 0x00000006, 0x83ff05fc
0x00000003, 0x00000006, 0xffffffff
0x00000003, 0x00000006, 0xffffffff
0x00000003, 0x00000006, 0xffffffff
0x00000003, 0x00000006, 0xffffffff
0x00000003, 0x00000006, 0xffffffff
0x00000003, 0x00000006, 0xffffffff
0x00000003, 0x00000006, 0xffffffff
0x00000003, 0x00000006, 0xffffffff
0x00000003, 0x00000006, 0xffffffff
0x00000003, 0x00000006, 0xffffffff
0x00000003, 0x00000006, 0xffffffff
0x00000003, 0x00000006, 0xffffffff
0x00000003, 0x00000006, 0xffffffff
0x00000003, 0x00000006, 0xffffffff
0x00000003, 0x00000006, 0xffffffff
0x00000003, 0x00000006, 0xffffffff
0x00000003, 0x00000006, 0xffffffff
0x00000003, 0x00000006, 0xffffffff
0x00000003, 0x00000006, 0xffffffff
0x00000003, 0x00000006, 0xffffffff
0x00000003, 0x00000006, 0xffffffff
0x00000003, 0x00000006, 0xffffffff
0x00000003, 0x00000006, 0xffffffff
0x00000003, 0x00000006, 0xffffffff
0x00000003, 0x00000006, 0xffffffff
0x00000003, 0x00000006, 0xffffffff
0x00000003, 0x00000006, 0xffffffff
0x00000003, 0x00000006, 0xffffffff
0x00000003, 0x00000006, 0xffffffff
0x00000003, 0x00000006, 0xffffffff
0x00000003, 0x00000006, 0xffffffff
0x00000003, 0x00000006, 0xffffffff
0x00000003, 0x00000006, 0xffffffff
0x00000003, 0x00000006, 0xffffffff
0x00000003, 0x00000006, 0xffffffff
0x00000003, 0x00000006, 0xffffffff
0x00000003, 0x00000006, 0xffffffff
0x00000003, 0x00000006, 0xffffffff
0x00000003, 0x00000006, 0x83ff0638
0x00000003, 0x00000006, 0x83ff0600
0x00000003, 0x00000006, 0x83ff0670
0x00000003, 0x00000006, 0x83ff0600
0x00000003, 0x00000006, 0x83ff0600
0x00000003, 0x00000006, 0x83ff06a8
0x00000003, 0x00000006, 0x83ff06e0
0x00000003, 0x00000006, 0x83ff06e0
0x00000003, 0x00000006, 0x83ff0600
0x00000003, 0x00000006, 0x83ff0600
0x00000003, 0x00000006, 0x83ff0600
0x00000003, 0x00000006, 0x83ff0718
0x00000003, 0x00000006, 0x83ff0750
0x00000003, 0x00000006, 0x83ff0788
0x00000003, 0x00000006, 0x83ff07c0
0x00000003, 0x00000006, 0x83ff07f8
0x00000003, 0x00000006, 0x83ff0830
0x00000003, 0x00000006, 0x83ff0868
0x00000003, 0x00000006, 0xffffffff
0x00000003, 0x00000006, 0xffffffff
0x00000003, 0x00000006, 0xffffffff
0x00000003, 0x00000006, 0xffffffff
0x00000003, 0x00000006, 0xffffffff
0x00000003, 0x00000006, 0xffffffff
0x00000003, 0x00000006, 0xffffffff
0x00000003, 0x00000006, 0xffffffff
0x00000003, 0x00000006, 0xffffffff
0x00000003, 0x00000006, 0xffffffff
0x00000003, 0x00000006, 0xffffffff
0x00000003, 0x00000006, 0xffffffff
0x00000003, 0x00000006, 0xffffffff
0x00000003, 0x00000006, 0xffffffff
0x00000003, 0x00000006, 0x83ff08d8
0x00000003, 0x00000006, 0x83ff08a0
0x00000003, 0x00000006, 0x83ff0910
0x00000003, 0x00000006, 0x83ff08a0
0x00000003, 0x00000006, 0x83ff08a0
0x00000003, 0x00000006, 0x83ff0948
0x00000003, 0x00000006, 0x83ff0980
0x00000003, 0x00000006, 0x83ff0980
0x00000003, 0x00000006, 0x83ff08a0
0x00000003, 0x00000006, 0x83ff08a0
0x00000003, 0x00000006, 0x83ff08a0
0x00000003, 0x00000006, 0x83ff09b8
0x00000003, 0x00000006, 0x83ff09f0
0x00000003, 0x00000006, 0x83ff0a28
0x00000003, 0x00000006, 0x83ff0a60
0x00000003, 0x00000006, 0x83ff0a98
0x00000003, 0x00000006, 0x83ff0ad0
0x00000003, 0x00000006, 0x83ff0b08
0x00000003, 0x00000006, 0xffffffff
0x00000003, 0x00000006, 0xffffffff
0x00000003, 0x00000006, 0xffffffff
0x00000003, 0x00000006, 0xffffffff
0x00000003, 0x00000006, 0xffffffff
0x00000003, 0x00000006, 0xffffffff
0x00000003, 0x00000006, 0xffffffff
0x00000003, 0x00000006, 0xffffffff
0x00000003, 0x00000006, 0xffffffff
0x00000003, 0x00000006, 0xffffffff
0x00000003, 0x00000006, 0xffffffff
0x00000003, 0x00000006, 0xffffffff
0x00000003, 0x00000006, 0xffffffff
0x00000003, 0x00000006, 0xffffffff
0x00000003, 0x00000006, 0x0040527f
0x00000003, 0x00000006, 0x00405303
0x00000003, 0x00000006, 0x00405403
0x00000003, 0x00000006, 0x00405800
0x00000003, 0x00000006, 0x00405b11
0x00000003, 0x00000006, 0x00405c02
0x00000003, 0x00000006, 0x00405d40
0x00000003, 0x00000006, 0x00406300
0x00000003, 0x00000006, 0x00406400
0x00000003, 0x00000006, 0x00406522
0x00000003, 0x00000006, 0x002051e4
0x00000003, 0x00000006, 0x00207500
0x00000003, 0x00000006, 0x084056fd
0x00000003, 0x00000006, 0x83ff0b40
0x00000003, 0x00000006, 0x00405271
0x00000003, 0x00000006, 0x00405303
0x00000003, 0x00000006, 0x00405403
0x00000003, 0x00000006, 0x00405800
0x00000003, 0x00000006, 0x00405b11
0x00000003, 0x00000006, 0x00405c02
0x00000003, 0x00000006, 0x00405d50
0x00000003, 0x00000006, 0x00406306
0x00000003, 0x00000006, 0x00406406
0x00000003, 0x00000006, 0x00406588
0x00000003, 0x00000006, 0x002051e4
0x00000003, 0x00000006, 0x00207500
0x00000003, 0x00000006, 0x004056f8
0x00000003, 0x00000006, 0x83ff0b40
0x00000003, 0x00000006, 0x00405273
0x00000003, 0x00000006, 0x00405303
0x00000003, 0x00000006, 0x00405403
0x00000003, 0x00000006, 0x00405800
0x00000003, 0x00000006, 0x00405b11
0x00000003, 0x00000006, 0x00405c02
0x00000003, 0x00000006, 0x00405d40
0x00000003, 0x00000006, 0x00406307
0x00000003, 0x00000006, 0x00406407
0x00000003, 0x00000006, 0x00406522
0x00000003, 0x00000006, 0x002051e4
0x00000003, 0x00000006, 0x00207500
0x00000003, 0x00000006, 0x084056fd
0x00000003, 0x00000006, 0x83ff0b40
0x00000003, 0x00000006, 0x00405273
0x00000003, 0x00000006, 0x00405302
0x00000003, 0x00000006, 0x00405403
0x00000003, 0x00000006, 0x00405800
0x00000003, 0x00000006, 0x00405b11
0x00000003, 0x00000006, 0x00405c02
0x00000003, 0x00000006, 0x00405d40
0x00000003, 0x00000006, 0x00406307
0x00000003, 0x00000006, 0x00406407
0x00000003, 0x00000006, 0x00406522
0x00000003, 0x00000006, 0x002051e4
0x00000003, 0x00000006, 0x00207500
0x00000003, 0x00000006, 0x084056fd
0x00000003, 0x00000006, 0x83ff0b40
0x00000003, 0x00000006, 0x0040527f
0x00000003, 0x00000006, 0x00405303
0x00000003, 0x00000006, 0x00405403
0x00000003, 0x00000006, 0x00405870
0x00000003, 0x00000006, 0x00405b00
0x00000003, 0x00000006, 0x002051f0
0x00000003, 0x00000006, 0x00207512
0x00000003, 0x00000006, 0x00406340
0x00000003, 0x00000006, 0x00406400
0x00000003, 0x00000006, 0x00406511
0x00000003, 0x00000006, 0x00405c02
0x00000003, 0x00000006, 0x00405d40
0x00000003, 0x00000006, 0x084056fd
0x00000003, 0x00000006, 0x83ff0b40
0x00000003, 0x00000006, 0x0040527f
0x00000003, 0x00000006, 0x00405303
0x00000003, 0x00000006, 0x00405403
0x00000003, 0x00000006, 0x00405870
0x00000003, 0x00000006, 0x00405b00
0x00000003, 0x00000006, 0x002051f0
0x00000003, 0x00000006, 0x00207512
0x00000003, 0x00000006, 0x00406340
0x00000003, 0x00000006, 0x00406400
0x00000003, 0x00000006, 0x00406511
0x00000003, 0x00000006, 0x00405c02
0x00000003, 0x00000006, 0x00405d40
0x00000003, 0x00000006, 0x084056fd
0x00000003, 0x00000006, 0x83ff0b40
0x00000003, 0x00000006, 0x0040527f
0x00000003, 0x00000006, 0x00405303
0x00000003, 0x00000006, 0x00405403
0x00000003, 0x00000006, 0x00405800
0x00000003, 0x00000006, 0x00405b11
0x00000003, 0x00000006, 0x002051f0
0x00000003, 0x00000006, 0x00207512
0x00000003, 0x00000006, 0x00406340
0x00000003, 0x00000006, 0x00406400
0x00000003, 0x00000006, 0x00406544
0x00000003, 0x00000006, 0x00405c02
0x00000003, 0x00000006, 0x00405d40
0x00000003, 0x00000006, 0x084056fd
0x00000003, 0x00000006, 0x83ff0b40
0x00000003, 0x00000006, 0x0040527f
0x00000003, 0x00000006, 0x00405303
0x00000003, 0x00000006, 0x00405433
0x00000003, 0x00000006, 0x00405800
0x00000003, 0x00000006, 0x00405b11
0x00000003, 0x00000006, 0x002051e8
0x00000003, 0x00000006, 0x00207512
0x00000003, 0x00000006, 0x00406340
0x00000003, 0x00000006, 0x00406400
0x00000003, 0x00000006, 0x00406544
0x00000003, 0x00000006, 0x00405c02
0x00000003, 0x00000006, 0x00405d40
0x00000003, 0x00000006, 0x084056fd
0x00000003, 0x00000006, 0x83ff0b40
0x00000003, 0x00000006, 0x0040527f
0x00000003, 0x00000006, 0x00405303
0x00000003, 0x00000006, 0x00405403
0x00000003, 0x00000006, 0x00405800
0x00000003, 0x00000006, 0x00405b11
0x00000003, 0x00000006, 0x002051e8
0x00000003, 0x00000006, 0x00207512
0x00000003, 0x00000006, 0x00406340
0x00000003, 0x00000006, 0x00406400
0x00000003, 0x00000006, 0x00406522
0x00000003, 0x00000006, 0x00405c02
0x00000003, 0x00000006, 0x00405d40
0x00000003, 0x00000006, 0x084056fd
0x00000003, 0x00000006, 0x83ff0b40
0x00000003, 0x00000006, 0x0040527f
0x00000003, 0x00000006, 0x00405303
0x00000003, 0x00000006, 0x00405403
0x00000003, 0x00000006, 0x00405800
0x00000003, 0x00000006, 0x00405b11
0x00000003, 0x00000006, 0x002051e8
0x00000003, 0x00000006, 0x00207512
0x00000003, 0x00000006, 0x00406340
0x00000003, 0x00000006, 0x00406400
0x00000003, 0x00000006, 0x00406522
0x00000003, 0x00000006, 0x00405c02
0x00000003, 0x00000006, 0x00405d40
0x00000003, 0x00000006, 0x084056fd
0x00000003, 0x00000006, 0x83ff0b40
0x00000003, 0x00000006, 0x00405275
0x00000003, 0x00000006, 0x00405303
0x00000003, 0x00000006, 0x00405441
0x00000003, 0x00000006, 0x00405800
0x00000003, 0x00000006, 0x00405b11
0x00000003, 0x00000006, 0x002051f0
0x00000003, 0x00000006, 0x00207515
0x00000003, 0x00000006, 0x00406340
0x00000003, 0x00000006, 0x00406400
0x00000003, 0x00000006, 0x00406522
0x00000003, 0x00000006, 0x00405c02
0x00000003, 0x00000006, 0x00405d40
0x00000003, 0x00000006, 0x084056fd
0x00000003, 0x00000006, 0x83ff0b40
0x00000003, 0x00000006, 0x00405275
0x00000003, 0x00000006, 0x00405303
0x00000003, 0x00000006, 0x00405441
0x00000003, 0x00000006, 0x00405800
0x00000003, 0x00000006, 0x00405b11
0x00000003, 0x00000006, 0x002051f0
0x00000003, 0x00000006, 0x00207515
0x00000003, 0x00000006, 0x00406340
0x00000003, 0x00000006, 0x00406400
0x00000003, 0x00000006, 0x00406522
0x00000003, 0x00000006, 0x00405c02
0x00000003, 0x00000006, 0x00405d40
0x00000003, 0x00000006, 0x084056fd
0x00000003, 0x00000006, 0x83ff0b40
0x00000003, 0x00000006, 0x0040527f
0x00000003, 0x00000006, 0x00405303
0x00000003, 0x00000006, 0x00405403
0x00000003, 0x00000006, 0x00405800
0x00000003, 0x00000006, 0x00405b11
0x00000003, 0x00000006, 0x00405c02
0x00000003, 0x00000006, 0x00405d40
0x00000003, 0x00000006, 0x00406300
0x00000003, 0x00000006, 0x00406400
0x00000003, 0x00000006, 0x00406522
0x00000003, 0x00000006, 0x002051e4
0x00000003, 0x00000006, 0x00207500
0x00000003, 0x00000006, 0x084056fd
0x00000003, 0x00000006, 0x83ff0b40
0x00000003, 0x00000006, 0x00405271
0x00000003, 0x00000006, 0x00405303
0x00000003, 0x00000006, 0x00405403
0x00000003, 0x00000006, 0x00405800
0x00000003, 0x00000006, 0x00405b11
0x00000003, 0x00000006, 0x00405c02
0x00000003, 0x00000006, 0x00405d50
0x00000003, 0x00000006, 0x00406306
0x00000003, 0x00000006, 0x00406406
0x00000003, 0x00000006, 0x00406588
0x00000003, 0x00000006, 0x002051e4
0x00000003, 0x00000006, 0x00207500
0x00000003, 0x00000006, 0x004056f8
0x00000003, 0x00000006, 0x83ff0b40
0x00000003, 0x00000006, 0x00405273
0x00000003, 0x00000006, 0x00405303
0x00000003, 0x00000006, 0x00405403
0x00000003, 0x00000006, 0x00405800
0x00000003, 0x00000006, 0x00405b11
0x00000003, 0x00000006, 0x00405c02
0x00000003, 0x00000006, 0x00405d40
0x00000003, 0x00000006, 0x00406307
0x00000003, 0x00000006, 0x00406407
0x00000003, 0x00000006, 0x00406522
0x00000003, 0x00000006, 0x002051e4
0x00000003, 0x00000006, 0x00207500
0x00000003, 0x00000006, 0x084056fd
0x00000003, 0x00000006, 0x83ff0b40
0x00000003, 0x00000006, 0x00405273
0x00000003, 0x00000006, 0x00405302
0x00000003, 0x00000006, 0x00405403
0x00000003, 0x00000006, 0x00405800
0x00000003, 0x00000006, 0x00405b11
0x00000003, 0x00000006, 0x00405c02
0x00000003, 0x00000006, 0x00405d40
0x00000003, 0x00000006, 0x00406307
0x00000003, 0x00000006, 0x00406407
0x00000003, 0x00000006, 0x00406522
0x00000003, 0x00000006, 0x002051e4
0x00000003, 0x00000006, 0x00207500
0x00000003, 0x00000006, 0x084056fd
0x00000003, 0x00000006, 0x83ff0b40
0x00000003, 0x00000006, 0x0040527f
0x00000003, 0x00000006, 0x00405303
0x00000003, 0x00000006, 0x00405403
0x00000003, 0x00000006, 0x00405870
0x00000003, 0x00000006, 0x00405b00
0x00000003, 0x00000006, 0x002051f0
0x00000003, 0x00000006, 0x00207512
0x00000003, 0x00000006, 0x00406340
0x00000003, 0x00000006, 0x00406400
0x00000003, 0x00000006, 0x00406511
0x00000003, 0x00000006, 0x00405c02
0x00000003, 0x00000006, 0x00405d40
0x00000003, 0x00000006, 0x084056fd
0x00000003, 0x00000006, 0x83ff0b40
0x00000003, 0x00000006, 0x0040527f
0x00000003, 0x00000006, 0x00405303
0x00000003, 0x00000006, 0x00405403
0x00000003, 0x00000006, 0x00405870
0x00000003, 0x00000006, 0x00405b00
0x00000003, 0x00000006, 0x002051f0
0x00000003, 0x00000006, 0x00207512
0x00000003, 0x00000006, 0x00406340
0x00000003, 0x00000006, 0x00406400
0x00000003, 0x00000006, 0x00406511
0x00000003, 0x00000006, 0x00405c02
0x00000003, 0x00000006, 0x00405d40
0x00000003, 0x00000006, 0x084056fd
0x00000003, 0x00000006, 0x83ff0b40
0x00000003, 0x00000006, 0x0040527f
0x00000003, 0x00000006, 0x00405303
0x00000003, 0x00000006, 0x00405403
0x00000003, 0x00000006, 0x00405800
0x00000003, 0x00000006, 0x00405b11
0x00000003, 0x00000006, 0x002051f0
0x00000003, 0x00000006, 0x00207512
0x00000003, 0x00000006, 0x00406340
0x00000003, 0x00000006, 0x00406400
0x00000003, 0x00000006, 0x00406544
0x00000003, 0x00000006, 0x00405c02
0x00000003, 0x00000006, 0x00405d40
0x00000003, 0x00000006, 0x084056fd
0x00000003, 0x00000006, 0x83ff0b40
0x00000003, 0x00000006, 0x0040527f
0x00000003, 0x00000006, 0x00405303
0x00000003, 0x00000006, 0x00405433
0x00000003, 0x00000006, 0x00405800
0x00000003, 0x00000006, 0x00405b11
0x00000003, 0x00000006, 0x002051e8
0x00000003, 0x00000006, 0x00207512
0x00000003, 0x00000006, 0x00406340
0x00000003, 0x00000006, 0x00406400
0x00000003, 0x00000006, 0x00406544
0x00000003, 0x00000006, 0x00405c02
0x00000003, 0x00000006, 0x00405d40
0x00000003, 0x00000006, 0x084056fd
0x00000003, 0x00000006, 0x83ff0b40
0x00000003, 0x00000006, 0x0040527f
0x00000003, 0x00000006, 0x00405303
0x00000003, 0x00000006, 0x00405403
0x00000003, 0x00000006, 0x00405800
0x00000003, 0x00000006, 0x00405b11
0x00000003, 0x00000006, 0x002051e8
0x00000003, 0x00000006, 0x00207512
0x00000003, 0x00000006, 0x00406340
0x00000003, 0x00000006, 0x00406400
0x00000003, 0x00000006, 0x00406522
0x00000003, 0x00000006, 0x00405c02
0x00000003, 0x00000006, 0x00405d40
0x00000003, 0x00000006, 0x084056fd
0x00000003, 0x00000006, 0x83ff0b40
0x00000003, 0x00000006, 0x0040527f
0x00000003, 0x00000006, 0x00405303
0x00000003, 0x00000006, 0x00405403
0x00000003, 0x00000006, 0x00405800
0x00000003, 0x00000006, 0x00405b11
0x00000003, 0x00000006, 0x002051e8
0x00000003, 0x00000006, 0x00207512
0x00000003, 0x00000006, 0x00406340
0x00000003, 0x00000006, 0x00406400
0x00000003, 0x00000006, 0x00406522
0x00000003, 0x00000006, 0x00405c02
0x00000003, 0x00000006, 0x00405d40
0x00000003, 0x00000006, 0x084056fd
0x00000003, 0x00000006, 0x83ff0b40
0x00000003, 0x00000006, 0x00405275
0x00000003, 0x00000006, 0x00405303
0x00000003, 0x00000006, 0x00405441
0x00000003, 0x00000006, 0x00405800
0x00000003, 0x00000006, 0x00405b11
0x00000003, 0x00000006, 0x002051f0
0x00000003, 0x00000006, 0x00207515
0x00000003, 0x00000006, 0x00406340
0x00000003, 0x00000006, 0x00406400
0x00000003, 0x00000006, 0x00406522
0x00000003, 0x00000006, 0x00405c02
0x00000003, 0x00000006, 0x00405d40
0x00000003, 0x00000006, 0x084056fd
0x00000003, 0x00000006, 0x83ff0b40
0x00000003, 0x00000006, 0x00405275
0x00000003, 0x00000006, 0x00405303
0x00000003, 0x00000006, 0x00405441
0x00000003, 0x00000006, 0x00405800
0x00000003, 0x00000006, 0x00405b11
0x00000003, 0x00000006, 0x002051f0
0x00000003, 0x00000006, 0x00207515
0x00000003, 0x00000006, 0x00406340
0x00000003, 0x00000006, 0x00406400
0x00000003, 0x00000006, 0x00406522
0x00000003, 0x00000006, 0x00405c02
0x00000003, 0x00000006, 0x00405d40
0x00000003, 0x00000006, 0x084056fd
0x00000003, 0x00000006, 0x83ff0b40
0x00000003, 0x00000006, 0x00106001
0x00000003, 0x00000006, 0x00724881
0x00000003, 0x00000006, 0x90ff4101
0x00000003, 0x00000006, 0xfcffffff
0x00000003, 0x00000006, 0xfcffffff
0x00000003, 0x00000006, 0xfcffffff
0x00000003, 0x00000006, 0xffffffff
0x00000003, 0x00000006, 0xffffffff
0x00000003, 0x00000006, 0xffffffff
0x00000003, 0x00000006, 0xffffffff
0x00000003, 0x00000006, 0xffffffff
0x00000003, 0x00000006, 0xffffffff
0x00000003, 0x00000006, 0xffffffff
0x00000003, 0x00000006, 0xffffffff
0x00000003, 0x00000006, 0xffffffff
0x00000003, 0x00000006, 0xffffffff
0x00000003, 0x00000006, 0xffffffff
0x00000003, 0x00000006, 0xffffffff
0x00000003, 0x00000006, 0xffffffff
0x00000003, 0x00000006, 0xffffffff
0x00000003, 0x00000006, 0xffffffff
0x00000003, 0x00000006, 0xffffffff
0x00000003, 0x00000006, 0xffffffff
0x00000003, 0x00000006, 0xffffffff
0x00000003, 0x00000006, 0xffffffff
0x00000003, 0x00000006, 0xffffffff
0x00000003, 0x00000006, 0xffffffff
0x00000003, 0x00000006, 0xffffffff
0x00000003, 0x00000006, 0xffffffff
0x00000003, 0x00000006, 0xffffffff
0x00000003, 0x00000006, 0xffffffff
0x00000003, 0x00000006, 0xffffffff
0x00000003, 0x00000006, 0xffffffff
0x00000003, 0x00000006, 0xffffffff
0x00000003, 0x00000006, 0xffffffff
0x00000003, 0x00000006, 0xffffffff
0x00000003, 0x00000006, 0xffffffff
0x00000003, 0x00000006, 0xffffffff
0x00000003, 0x00000006, 0xffffffff
0x00000003, 0x00000006, 0xffffffff
0x00000003, 0x00000006, 0xffffffff
0x00000003, 0x00000006, 0xffffffff
0x00000003, 0x00000006, 0xffffffff
0x00000003, 0x00000006, 0xffffffff
0x00000003, 0x00000006, 0xffffffff
0x00000003, 0x00000006, 0xffffffff
0x00000003, 0x00000006, 0xffffffff
0x00000003, 0x00000006, 0xffffffff
0x00000003, 0x00000006, 0xffffffff
0x00000003, 0x00000006, 0xffffffff
0x00000003, 0x00000006, 0xffffffff
0x00000003, 0x00000006, 0xffffffff
0x00000003, 0x00000006, 0xffffffff
0x00000003, 0x00000006, 0xffffffff
0x00000003, 0x00000006, 0xffffffff
0x00000003, 0x00000006, 0xffffffff
0x00000003, 0x00000006, 0xffffffff
0x00000003, 0x00000006, 0xffffffff
0x00000003, 0x00000006, 0xffffffff
0x00000003, 0x00000006, 0xffffffff
0x00000003, 0x00000006, 0xffffffff
0x00000003, 0x00000006, 0xffffffff
0x00000003, 0x00000006, 0xffffffff
0x00000003, 0x00000006, 0xffffffff
0x00000003, 0x00000006, 0xffffffff
0x00000003, 0x00000006, 0xffffffff
0x00000003, 0x00000006, 0xffffffff
0x00000003, 0x00000006, 0xffffffff
0x00000003, 0x00000006, 0xffffffff
0x00000003, 0x00000006, 0xffffffff
0x00000003, 0x00000006, 0xffffffff
0x00000003, 0x00000006, 0xffffffff
0x00000003, 0x00000006, 0xffffffff
0x00000003, 0x00000006, 0xffffffff
0x00000003, 0x00000006, 0xffffffff
0x00000003, 0x00000006, 0xffffffff
0x00000003, 0x00000006, 0xffffffff
0x00000003, 0x00000006, 0xffffffff
0x00000003, 0x00000006, 0xffffffff
0x00000003, 0x00000006, 0xffffffff
0x00000003, 0x00000006, 0xffffffff
0x00000003, 0x00000006, 0xffffffff
0x00000003, 0x00000006, 0xffffffff
0x00000003, 0x00000006, 0xffffffff
0x00000003, 0x00000006, 0xffffffff
0x00000003, 0x00000006, 0xffffffff
0x00000003, 0x00000006, 0xffffffff
0x00000003, 0x00000006, 0xffffffff
0x00000003, 0x00000006, 0xffffffff
0x00000003, 0x00000006, 0xffffffff
0x00000003, 0x00000006, 0xffffffff
0x00000003, 0x00000006, 0xffffffff
0x00000003, 0x00000006, 0xffffffff
0x00000003, 0x00000006, 0xffffffff
0x00000003, 0x00000006, 0xffffffff
0x00000003, 0x00000006, 0xffffffff
0x00000003, 0x00000006, 0xffffffff
0x00000003, 0x00000006, 0xffffffff
0x00000003, 0x00000006, 0xffffffff
0x00000003, 0x00000006, 0xffffffff
0x00000003, 0x00000006, 0xffffffff
0x00000003, 0x00000006, 0xffffffff
0x00000003, 0x00000006, 0xffffffff
0x00000003, 0x00000006, 0xffffffff
0x00000003, 0x00000006, 0xffffffff
0x00000003, 0x00000006, 0xffffffff
0x00000003, 0x00000006, 0xffffffff
0x00000003, 0x00000006, 0xffffffff
0x00000003, 0x00000006, 0xffffffff
0x00000003, 0x00000006, 0xffffffff
0x00000003, 0x00000006, 0xffffffff
0x00000003, 0x00000006, 0xffffffff
0x00000003, 0x00000006, 0xffffffff
0x00000003, 0x00000006, 0xffffffff
0x00000003, 0x00000006, 0xffffffff
0x00000003, 0x00000006, 0xffffffff
0x00000003, 0x00000006, 0xffffffff
0x00000003, 0x00000006, 0xffffffff
0x00000003, 0x00000006, 0xffffffff
0x00000003, 0x00000006, 0xffffffff
0x00000003, 0x00000006, 0xffffffff
0x00000003, 0x00000006, 0xffffffff
0x00000003, 0x00000006, 0xffffffff
0x00000003, 0x00000006, 0xffffffff
0x00000003, 0x00000006, 0xffffffff
0x00000003, 0x00000006, 0xffffffff
0x00000003, 0x00000006, 0xffffffff
0x00000003, 0x00000006, 0xffffffff
0x00000003, 0x00000006, 0xffffffff
0x00000003, 0x00000006, 0xffffffff
0x00000003, 0x00000006, 0xffffffff
0x00000003, 0x00000006, 0xffffffff
0x00000003, 0x00000006, 0xffffffff
0x00000003, 0x00000006, 0xffffffff
0x00000003, 0x00000006, 0xffffffff
0x00000003, 0x00000006, 0xffffffff
0x00000003, 0x00000006, 0xffffffff
0x00000003, 0x00000006, 0xffffffff
0x00000003, 0x00000006, 0xffffffff
0x00000003, 0x00000006, 0xffffffff
0x00000003, 0x00000006, 0xffffffff
0x00000003, 0x00000006, 0xffffffff
0x00000003, 0x00000006, 0xffffffff
0x00000003, 0x00000006, 0xffffffff
0x00000003, 0x00000006, 0xffffffff
0x00000003, 0x00000006, 0xffffffff
0x00000003, 0x00000006, 0xffffffff
0x00000003, 0x00000006, 0xffffffff
0x00000003, 0x00000006, 0xffffffff
0x00000003, 0x00000006, 0xffffffff
0x00000003, 0x00000006, 0xffffffff
0x00000003, 0x00000006, 0xffffffff
0x00000003, 0x00000006, 0xffffffff
0x00000003, 0x00000006, 0xffffffff
0x00000003, 0x00000006, 0xffffffff
0x00000003, 0x00000006, 0xffffffff
0x00000003, 0x00000006, 0xffffffff
0x00000003, 0x00000006, 0xffffffff
0x00000003, 0x00000006, 0xffffffff
0x00000003, 0x00000006, 0xffffffff
0x00000003, 0x00000006, 0xffffffff
0x00000003, 0x00000006, 0xffffffff
0x00000003, 0x00000006, 0xffffffff
0x00000003, 0x00000006, 0xffffffff
0x00000003, 0x00000006, 0xffffffff
0x00000003, 0x00000006, 0xffffffff
0x00000003, 0x00000006, 0xffffffff
0x00000003, 0x00000006, 0xffffffff
0x00000003, 0x00000006, 0xffffffff
0x00000003, 0x00000006, 0xffffffff
0x00000003, 0x00000006, 0xffffffff
0x00000003, 0x00000006, 0xffffffff
0x00000003, 0x00000006, 0xffffffff
0x00000003, 0x00000006, 0xffffffff
0x00000003, 0x00000006, 0xffffffff
0x00000003, 0x00000006, 0x83ff0ef4
0x00000003, 0x00000006, 0x83ff0e60
0x00000003, 0x00000006, 0x83ff0e60
0x00000003, 0x00000006, 0x83ff0e60
0x00000003, 0x00000006, 0x83ff0e60
0x00000003, 0x00000006, 0x83ff0e60
0x00000003, 0x00000006, 0x83ff0e60
0x00000003, 0x00000006, 0x83ff0e68
0x00000003, 0x00000006, 0x83ff0e70
0x00000003, 0x00000006, 0x83ff0e78
0x00000003, 0x00000006, 0x83ff0e80
0x00000003, 0x00000006, 0x83ff0e88
0x00000003, 0x00000006, 0x83ff0e90
0x00000003, 0x00000006, 0x83ff0e98
0x00000003, 0x00000006, 0x83ff0ea0
0x00000003, 0x00000006, 0x83ff0ea8
0x00000003, 0x00000006, 0x83ff0eb0
0x00000003, 0x00000006, 0x83ff0eb8
0x00000003, 0x00000006, 0x83ff0ec0
0x00000003, 0x00000006, 0x83ff0e90
0x00000003, 0x00000006, 0x83ff0e98
0x00000003, 0x00000006, 0x83ff0e60
0x00000003, 0x00000006, 0x83ff0e60
0x00000003, 0x00000006, 0x83ff0e70
0x00000003, 0x00000006, 0x83ff0e78
0x00000003, 0x00000006, 0x004056f9
0x00000003, 0x00000006, 0x83ff0ec8
0x00000003, 0x00000006, 0x004056f9
0x00000003, 0x00000006, 0x83ff0ec8
0x00000003, 0x00000006, 0x004056f9
0x00000003, 0x00000006, 0x83ff0ec8
0x00000003, 0x00000006, 0x004056fa
0x00000003, 0x00000006, 0x83ff0ec8
0x00000003, 0x00000006, 0x004056db
0x00000003, 0x00000006, 0x83ff0ec8
0x00000003, 0x00000006, 0x004056dc
0x00000003, 0x00000006, 0x83ff0ec8
0x00000003, 0x00000006, 0x004056f9
0x00000003, 0x00000006, 0x83ff0ec8
0x00000003, 0x00000006, 0x004056fa
0x00000003, 0x00000006, 0x83ff0ec8
0x00000003, 0x00000006, 0x004056db
0x00000003, 0x00000006, 0x83ff0ec8
0x00000003, 0x00000006, 0x004056dc
0x00000003, 0x00000006, 0x83ff0ec8
0x00000003, 0x00000006, 0x004056f9
0x00000003, 0x00000006, 0x83ff0ec8
0x00000003, 0x00000006, 0x004056fa
0x00000003, 0x00000006, 0x83ff0ec8
0x00000003, 0x00000006, 0x004056f9
0x00000003, 0x00000006, 0x83ff0ec8
0x00000003, 0x00000006, 0x00106001
0x00000003, 0x00000006, 0x00734881
0x00000003, 0x00000006, 0x407058fa
0x00000003, 0x00000006, 0x4001fffb
0x00000003, 0x00000006, 0x401161fc
0x00000003, 0x00000006, 0x404056fd
0x00000003, 0x00000006, 0x28710013
0x00000003, 0x00000006, 0x28730010
0x00000003, 0x00000006, 0x28750011
0x00000003, 0x00000006, 0x28770012
0x00000003, 0x00000006, 0xfcffffff
0x00000003, 0x00000006, 0x00705504
0x00000003, 0x00000006, 0x00705400
0x00000003, 0x00000006, 0x83ff1428
0x00000003, 0x00000006, 0xffffffff
0x00000003, 0x00000006, 0xffffffff
0x00000003, 0x00000006, 0xffffffff
0x00000003, 0x00000006, 0xffffffff
0x00000003, 0x00000006, 0xffffffff
0x00000003, 0x00000006, 0xffffffff
0x00000003, 0x00000006, 0xffffffff
0x00000003, 0x00000006, 0xffffffff
0x00000003, 0x00000006, 0xffffffff
0x00000003, 0x00000006, 0xffffffff
0x00000003, 0x00000006, 0xffffffff
0x00000003, 0x00000006, 0xffffffff
0x00000003, 0x00000006, 0xffffffff
0x00000003, 0x00000006, 0xffffffff
0x00000003, 0x00000006, 0xffffffff
0x00000003, 0x00000006, 0xffffffff
0x00000003, 0x00000006, 0xffffffff
0x00000003, 0x00000006, 0xffffffff
0x00000003, 0x00000006, 0xffffffff
0x00000003, 0x00000006, 0xffffffff
0x00000003, 0x00000006, 0xffffffff
0x00000003, 0x00000006, 0xffffffff
0x00000003, 0x00000006, 0xffffffff
0x00000003, 0x00000006, 0xffffffff
0x00000003, 0x00000006, 0xffffffff
0x00000003, 0x00000006, 0xffffffff
0x00000003, 0x00000006, 0xffffffff
0x00000003, 0x00000006, 0xffffffff
0x00000003, 0x00000006, 0xffffffff
0x00000003, 0x00000006, 0xffffffff
0x00000003, 0x00000006, 0xffffffff
0x00000003, 0x00000006, 0xffffffff
0x00000003, 0x00000006, 0xffffffff
0x00000003, 0x00000006, 0xffffffff
0x00000003, 0x00000006, 0xffffffff
0x00000003, 0x00000006, 0xffffffff
0x00000003, 0x00000006, 0xffffffff
0x00000003, 0x00000006, 0xffffffff
0x00000003, 0x00000006, 0xffffffff
0x00000003, 0x00000006, 0xffffffff
0x00000003, 0x00000006, 0xffffffff
0x00000003, 0x00000006, 0xffffffff
0x00000003, 0x00000006, 0xffffffff
0x00000003, 0x00000006, 0xffffffff
0x00000003, 0x00000006, 0xffffffff
0x00000003, 0x00000006, 0xffffffff
0x00000003, 0x00000006, 0xffffffff
0x00000003, 0x00000006, 0xffffffff
0x00000003, 0x00000006, 0xffffffff
0x00000003, 0x00000006, 0xffffffff
0x00000003, 0x00000006, 0xffffffff
0x00000003, 0x00000006, 0xffffffff
0x00000003, 0x00000006, 0xffffffff
0x00000003, 0x00000006, 0xffffffff
0x00000003, 0x00000006, 0xffffffff
0x00000003, 0x00000006, 0xffffffff
0x00000003, 0x00000006, 0xffffffff
0x00000003, 0x00000006, 0xffffffff
0x00000003, 0x00000006, 0xffffffff
0x00000003, 0x00000006, 0xffffffff
0x00000003, 0x00000006, 0xffffffff
0x00000003, 0x00000006, 0xffffffff
0x00000003, 0x00000006, 0xffffffff
0x00000003, 0x00000006, 0xffffffff
0x00000003, 0x00000006, 0x87878787
0x00000003, 0x00000006, 0x87878787
0x00000003, 0x00000006, 0x86878888
0x00000003, 0x00000006, 0x83848485
0x00000003, 0x00000006, 0x8a8c8d8d
0x00000003, 0x00000006, 0x87888889
0x00000003, 0x00000006, 0x8e909291
0x00000003, 0x00000006, 0x8a8b8c8d
0x00000003, 0x00000006, 0x52535554
0x00000003, 0x00000006, 0x8d8e8f90
0x00000003, 0x00000006, 0x54565754
0x00000003, 0x00000006, 0x8f905253
0x00000003, 0x00000006, 0x56575754
0x00000003, 0x00000006, 0x52535455
0x00000003, 0x00000006, 0x57575752
0x00000003, 0x00000006, 0x53545556
0x00000003, 0x00000006, 0x5757558e
0x00000003, 0x00000006, 0x55565757
0x00000003, 0x00000006, 0x57565389
0x00000003, 0x00000006, 0x56575757
0x00000003, 0x00000006, 0x56548f87
0x00000003, 0x00000006, 0x57575757
0x00000003, 0x00000006, 0x54908a87
0x00000003, 0x00000006, 0x57575756
0x00000003, 0x00000006, 0x928c8787
0x00000003, 0x00000006, 0x57575755
0x00000003, 0x00000006, 0x8f878787
0x00000003, 0x00000006, 0x57575553
0x00000003, 0x00000006, 0x8b878787
0x00000003, 0x00000006, 0x57565491
0x00000003, 0x00000006, 0x878787d0
0x00000003, 0x00000006, 0x5654528e
0x00000003, 0x00000006, 0x878787d0
0x00000003, 0x00000006, 0x55538f8a
0x00000003, 0x00000006, 0x8787d0d0
0x00000003, 0x00000006, 0x93918c86
0x00000003, 0x00000006, 0x8787d0d0
0x00000003, 0x00000006, 0x918e8987
0x00000003, 0x00000006, 0x87d0d0d0
0x00000003, 0x00000006, 0x8f8b8787
0x00000003, 0x00000006, 0x87d0d0d0
0x00000003, 0x00000006, 0x8d888787
0x00000003, 0x00000006, 0xd0d0d0d0
0x00000003, 0x00000006, 0x8a878787
0x00000003, 0x00000006, 0xd0d0d0d0
0x00000003, 0x00000006, 0x87878787
0x00000003, 0x00000006, 0xd0d0d0d0
0x00000003, 0x00000006, 0x878787d0
0x00000003, 0x00000006, 0xd0d0d0d0
0x00000003, 0x00000006, 0x878787d0
0x00000003, 0x00000006, 0xd0d0d0d0
0x00000003, 0x00000006, 0x8787d0d0
0x00000003, 0x00000006, 0xd0d0d0d0
0x00000003, 0x00000006, 0x8787d0d0
0x00000003, 0x00000006, 0xd0d0d0d0
0x00000003, 0x00000006, 0xd0d0d0d0
0x00000003, 0x00000006, 0xd0d0d0d0
0x00000003, 0x00000006, 0xd0d0d0d0
0x00000003, 0x00000006, 0xd0d0d0d0
0x00000003, 0x00000006, 0xd0d0d0d0
0x00000003, 0x00000006, 0xd0d0d0d0
0x00000003, 0x00000006, 0xd0d0d0d0
0x00000003, 0x00000006, 0xd0d0d0d0
0x00000003, 0x00000006, 0xd0d0d0d0
0x00000003, 0x00000006, 0x0f0f0f0f
0x00000003, 0x00000006, 0x0f0f0f0f
0x00000003, 0x00000006, 0x0f0f0f0f
0x00000003, 0x00000006, 0x0f0f0f0f
0x00000003, 0x00000006, 0x0f0f0f0f
0x00000003, 0x00000006, 0x0f0f0f0f
0x00000003, 0x00000006, 0x0f0f0f0f
0x00000003, 0x00000006, 0x0f0f0f0f
0x00000003, 0x00000006, 0x0f0f0f0f
0x00000003, 0x00000006, 0x0f0f0f0f
0x00000003, 0x00000006, 0x0f0f0f0f
0x00000003, 0x00000006, 0x0f0f0f0f
0x00000003, 0x00000006, 0x0f0f0f0f
0x00000003, 0x00000006, 0x0f0f0f0f
0x00000003, 0x00000006, 0x0f0f0f0f
0x00000003, 0x00000006, 0x0f0f0f0f
0x00000003, 0x00000006, 0x0f0f0f0f
0x00000003, 0x00000006, 0x0f0f0f0f
0x00000003, 0x00000006, 0x0f0f0f0f
0x00000003, 0x00000006, 0x0f0f0f0f
0x00000003, 0x00000006, 0x0f0f0f0f
0x00000003, 0x00000006, 0x0f0f0f0f
0x00000003, 0x00000006, 0x0f0f0f0f
0x00000003, 0x00000006, 0x0f0f0f0f
0x00000003, 0x00000006, 0x0f0f0f0f
0x00000003, 0x00000006, 0x0f0f0f0f
0x00000003, 0x00000006, 0x0f0f0f0f
0x00000003, 0x00000006, 0x0f0f0f0f
0x00000003, 0x00000006, 0x0f0f0f0f
0x00000003, 0x00000006, 0x0f0f0f0f
0x00000003, 0x00000006, 0x0f0f0f0f
0x00000003, 0x00000006, 0x0f0f0f0f
0x00000003, 0x00000006, 0x0f0f0f0f
0x00000003, 0x00000006, 0x0f0f0f0f
0x00000003, 0x00000006, 0x0f0f0f0f
0x00000003, 0x00000006, 0x0f0f0f0f
0x00000003, 0x00000006, 0x0f0f0f0f
0x00000003, 0x00000006, 0x0f0f0f0f
0x00000003, 0x00000006, 0x0f0f0f0f
0x00000003, 0x00000006, 0x0f0f0f0f
0x00000003, 0x00000006, 0x0f0f0f0f
0x00000003, 0x00000006, 0x0f0f0f0f
0x00000003, 0x00000006, 0x0f0f0f0f
0x00000003, 0x00000006, 0x0f0f0f0f
0x00000003, 0x00000006, 0x0f0f0f0f
0x00000003, 0x00000006, 0x0f0f0f0f
0x00000003, 0x00000006, 0x0f0f0f0f
0x00000003, 0x00000006, 0x0f0f0f0f
0x00000003, 0x00000006, 0x0f0f0f0f
0x00000003, 0x00000006, 0x0f0f0f0f
0x00000003, 0x00000006, 0x0f0f0f0f
0x00000003, 0x00000006, 0x0f0f0f0f
0x00000003, 0x00000006, 0x0f0f0f0f
0x00000003, 0x00000006, 0x0f0f0f0f
0x00000003, 0x00000006, 0x0f0f0f0f
0x00000003, 0x00000006, 0x0f0f0f0f
0x00000003, 0x00000006, 0x0f0f0f0f
0x00000003, 0x00000006, 0x0f0f0f0f
0x00000003, 0x00000006, 0x0f0f0f0f
0x00000003, 0x00000006, 0x0f0f0f0f
0x00000003, 0x00000006, 0x0f0f0f0f
0x00000003, 0x00000006, 0x0f0f0f0f
0x00000003, 0x00000006, 0x0f0f0f0f
0x00000003, 0x00000006, 0x0f0f0f0f
0x00000003, 0x00000006, 0x0f0f0f0f
0x00000003, 0x00000006, 0x0f0f0f0f
0x00000003, 0x00000006, 0x0f0f0f0f
0x00000003, 0x00000006, 0x0f0f0f0f
0x00000003, 0x00000006, 0x0f0f0f0f
0x00000003, 0x00000006, 0x0f0f0f0f
0x00000003, 0x00000006, 0x0f0f0f0f
0x00000003, 0x00000006, 0x0f0f0f0f
0x00000003, 0x00000006, 0x0f0f0f0f
0x00000003, 0x00000006, 0x0f0f0f0f
0x00000003, 0x00000006, 0x0f0f0f0f
0x00000003, 0x00000006, 0x0f0f0f0f
0x00000003, 0x00000006, 0x0f0f0f0f
0x00000003, 0x00000006, 0x0f0f0f0f
0x00000003, 0x00000006, 0x0f0f0f0f
0x00000003, 0x00000006, 0x0f0f0f0f
0x00000003, 0x00000006, 0x0f0f0f0f
0x00000003, 0x00000006, 0x0f0f0f0f
0x00000003, 0x00000006, 0x0f0f0f0f
0x00000003, 0x00000006, 0x0f0f0f0f
0x00000003, 0x00000006, 0x0f0f0f0f
0x00000003, 0x00000006, 0x0f0f0f0f
0x00000003, 0x00000006, 0x0f0f0f0f
0x00000003, 0x00000006, 0x0f0f0f0f
0x00000003, 0x00000006, 0x0f0f0f0f
0x00000003, 0x00000006, 0x0f0f0f0f
0x00000003, 0x00000006, 0x0f0f0f0f
0x00000003, 0x00000006, 0x0f0f0f0f
0x00000003, 0x00000006, 0x0f0f0f0f
0x00000003, 0x00000006, 0x0f0f0f0f
0x00000003, 0x00000006, 0x0f0f0f0f
0x00000003, 0x00000006, 0x0f0f0f0f
0x00000003, 0x00000006, 0x0f0f0f0f
0x00000003, 0x00000006, 0x0f0f0f0f
0x00000003, 0x00000006, 0x0f0f0f0f
0x00000003, 0x00000006, 0x0f0f0f0f
0x00000003, 0x00000006, 0x0f0f0f0f
0x00000003, 0x00000006, 0x0f0f0f0f
0x00000003, 0x00000006, 0x0f0f0f0f
0x00000003, 0x00000006, 0x0f0f0f0f
0x00000003, 0x00000006, 0x0f0f0f0f
0x00000003, 0x00000006, 0x0f0f0f0f
0x00000003, 0x00000006, 0x0f0f0f0f
0x00000003, 0x00000006, 0x0f0f0f0f
0x00000003, 0x00000006, 0x0f0f0f0f
0x00000003, 0x00000006, 0x0f0f0f0f
0x00000003, 0x00000006, 0x0f0f0f0f
0x00000003, 0x00000006, 0x0f0f0f0f
0x00000003, 0x00000006, 0x0f0f0f0f
0x00000003, 0x00000006, 0x0f0f0f0f
0x00000003, 0x00000006, 0x0f0f0f0f
0x00000003, 0x00000006, 0x0f0f0f0f
0x00000003, 0x00000006, 0x0f0f0f0f
0x00000003, 0x00000006, 0x0f0f0f0f
0x00000003, 0x00000006, 0x0f0f0f0f
0x00000003, 0x00000006, 0x0f0f0f0f
0x00000003, 0x00000006, 0x0f0f0f0f
0x00000003, 0x00000006, 0x0f0f0f0f
0x00000003, 0x00000006, 0x0f0f0f0f
0x00000003, 0x00000006, 0x0f0f0f0f
0x00000003, 0x00000006, 0x0f0f0f0f
0x00000003, 0x00000006, 0x0f0f0f0f
0x00000003, 0x00000006, 0x0f0f0f0f
0x00000003, 0x00000006, 0x0f0f0f0f
0x00000003, 0x00000006, 0x5b5b5b5b
0x00000003, 0x00000006, 0x5b5b5b5b
0x00000003, 0x00000006, 0x4b4b4b4b
0x00000003, 0x00000006, 0x4b4b4b4b
0x00000003, 0x00000006, 0x3b3b3b3b
0x00000003, 0x00000006, 0x2b2b2b2b
0x00000003, 0x00000006, 0x1b1b1b1b
0x00000003, 0x00000006, 0x1b1b1b1b
0x00000003, 0x00000006, 0xffffffff
0x00000003, 0x00000006, 0xffffffff
0x00000003, 0x00000006, 0xffffffff
0x00000003, 0x00000006, 0xffffffff
0x00000003, 0x00000006, 0xffffffff
0x00000003, 0x00000006, 0xffffffff
0x00000003, 0x00000006, 0xffffffff
0x00000003, 0x00000006, 0xffffffff
0x00000003, 0x00000006, 0xffffffff
0x00000003, 0x00000006, 0xffffffff
0x00000003, 0x00000006, 0xffffffff
0x00000003, 0x00000006, 0xffffffff
0x00000003, 0x00000006, 0xffffffff
0x00000003, 0x00000006, 0xffffffff
0x00000003, 0x00000006, 0xffffffff
0x00000003, 0x00000006, 0xffffffff
0x00000003, 0x00000006, 0xffffffff
0x00000003, 0x00000006, 0xffffffff
0x00000003, 0x00000006, 0xffffffff
0x00000003, 0x00000006, 0xffffffff
0x00000003, 0x00000006, 0xffffffff
0x00000003, 0x00000006, 0xffffffff
0x00000003, 0x00000006, 0xffffffff
0x00000003, 0x00000006, 0xffffffff
0x00000003, 0x00000006, 0xffffffff
0x00000003, 0x00000006, 0xffffffff
0x00000003, 0x00000006, 0xffffffff
0x00000003, 0x00000006, 0xffffffff
0x00000003, 0x00000006, 0xffffffff
0x00000003, 0x00000006, 0xffffffff
0x00000003, 0x00000006, 0xffffffff
0x00000003, 0x00000006, 0xffffffff
0x00000003, 0x00000006, 0xffffffff
0x00000003, 0x00000006, 0xffffffff
0x00000003, 0x00000006, 0xffffffff
0x00000003, 0x00000006, 0xffffffff
0x00000003, 0x00000006, 0xffffffff
0x00000003, 0x00000006, 0xffffffff
0x00000003, 0x00000006, 0xffffffff
0x00000003, 0x00000006, 0xffffffff
0x00000003, 0x00000006, 0xffffffff
0x00000003, 0x00000006, 0xffffffff
0x00000003, 0x00000006, 0xffffffff
0x00000003, 0x00000006, 0xffffffff
0x00000003, 0x00000006, 0xffffffff
0x00000003, 0x00000006, 0xffffffff
0x00000003, 0x00000006, 0xffffffff
0x00000003, 0x00000006, 0xffffffff
0x00000003, 0x00000006, 0xffffffff
0x00000003, 0x00000006, 0xffffffff
0x00000003, 0x00000006, 0xffffffff
0x00000003, 0x00000006, 0xffffffff
0x00000003, 0x00000006, 0xffffffff
0x00000003, 0x00000006, 0xffffffff
0x00000003, 0x00000006, 0xffffffff
0x00000003, 0x00000006, 0xf8ff0800
0x00000003, 0x00000038, 0x00000006
0x00000003, 0x00000039, 0x00000000
0x00000003, 0x0000003a, 0x00000007
0x00000003, 0x0000003b, 0x00000000
0x00000003, 0x0000003c, 0x00000008
0x00000003, 0x0000003d, 0x00000000
0x00000003, 0x0000003e, 0x00000009
0x00000003, 0x0000003f, 0x00000000
0x00000004, 0x00007040, 0x00000000
0x00000004, 0x00007041, 0x00000000
0x00000004, 0x00007042, 0x00000000
0x00000004, 0x00007043, 0x00000004
0x00000004, 0x00007055, 0x0000000d
0x00000004, 0x00007054, 0x000000fc
0x00000002, 0x0000001c, 0x00000003
0x00000005, 0x00000000, 0.000020
0x00000005, 0x00000000, 0.000020
0x00000005, 0x00000000, 0.000020
0x00000002, 0x00000002, 0x00000000
0x00000002, 0x00000001, 0x00000000
0x00000002, 0x0000001c, 0x00000001
0x00000004, 0x00001057, 0x00000040
0x00000002, 0x00000002, 0x00000000
0x00000002, 0x00000001, 0x00000001
0x00000004, 0x00007446, 0x00000000
0x00000004, 0x0000705d, 0x00000004
0x00000004, 0x0000705c, 0x00000000
0x00000004, 0x0000205d, 0x00000000
0x00000004, 0x0000206a, 0x00000000
0x00000002, 0x0000001c, 0x00000001
0x00000005, 0x00000000, 0.000500
